被害人账户,交易对方,订单号,转账时间,转账金额
18428341745,老公🈲️⛔️姑奶奶,4200003164202606306826439170,2026-06-30 09:40:56,9.79
18428341745,火焰,53010003147049202606290702526477,2026-06-29 18:00:54,150
18428341745,TeL她的猫 TeL,53010003284222202606290442370984,2026-06-29 17:59:44,99
18428341745,TeL她的猫 TeL,53010003250008202606290091406333,2026-06-29 17:59:27,99
18428341745,南橘.,53010003166199202606291335094798,2026-06-29 17:57:58,110
18428341745,,53010003158196202606290261123505,2026-06-29 17:48:29,110
18428341745,,53010003280045202606290148190649,2026-06-29 17:45:58,130
18428341745,,53010003151035202606293245704329,2026-06-29 17:40:24,99
18428341745,,53010003287097202606293212079344,2026-06-29 17:40:12,99
18428341745,,53010003266201202606292388317439,2026-06-29 17:33:02,110
18428341745,,53010003277191202606292639783812,2026-06-29 16:23:57,60
18428341745,KK,53010003251026202606294290691031,2026-06-29 16:23:36,190
18428341745,KK,53010003288138202606293332309515,2026-06-29 16:23:14,190
18428341745,,53010003261019202606290101559530,2026-06-29 16:19:29,100
18428341745,KK,53010003290208202606292930295298,2026-06-29 16:19:05,190
18428341745,KK,53010003156010202606293605378283,2026-06-29 16:18:56,190
18428341745,KK,53010003163062202606293910451226,2026-06-29 16:18:46,190
18428341745,KK,53010003286152202606293926991488,2026-06-29 16:18:34,190
18428341745,KK,530100032500202606290834886070,2026-06-29 16:18:25,190
18428341745,KK,53010003251207202606290969954738,2026-06-29 16:17:52,190
18428341745,KK,53010003147034202606290635363707,2026-06-29 16:17:42,190
18428341745,KK,53010003280211202606292992548991,2026-06-29 16:17:31,190
18428341745,KK,53010003154006202606290218396396,2026-06-29 16:17:22,190
18428341745,KK,53010003165041202606290080001546,2026-06-29 16:17:09,190
18428341745,KK,53010003250048202606290823638361,2026-06-29 16:16:53,190
18428341745,KK,53010003155050202606292271304563,2026-06-29 16:16:40,190
18428341745,KK,53010003272087202606291955780025,2026-06-29 16:16:31,190
18428341745,KK,53010003164122202606291791566327,2026-06-29 16:16:21,190
18428341745,KK,53010003167230202606291736125727,2026-06-29 16:16:09,190
18428341745,KK,53010003150194202606292877185148,2026-06-29 16:16:00,190
18428341745,KK,53010003250113202606293002609244,2026-06-29 16:15:29,190
18428341745,KK,53010003165067202606292486284326,2026-06-29 16:15:17,190
18428341745,KK,53010003265232202606293912699513,2026-06-29 16:15:08,190
18428341745,KK,53010003155199202606293965013652,2026-06-29 16:14:58,190
18428341745,KK,53010003145183202606291926137236,2026-06-29 16:14:48,190
18428341745,KK,53010003155019202606293854465025,2026-06-29 16:14:37,190
18428341745,KK,53010003252236202606294166650249,2026-06-29 16:14:27,190
18428341745,KK,53010003255234202606293623420363,2026-06-29 16:14:17,190
18428341745,KK,53010003150097202606291103290735,2026-06-29 16:14:08,190
18428341745,KK,53010003261148202606290364289111,2026-06-29 16:13:57,190
18428341745,KK,53010003164056202606290230676653,2026-06-29 16:13:45,190
18428341745,KK,53010003247115202606292564117715,2026-06-29 16:13:33,190
18428341745,KK,53010003285118202606290536592984,2026-06-29 16:13:23,190
18428341745,KK,53010003153195202606291133116508,2026-06-29 16:13:13,190
18428341745,KK,53010003154042202606293314335540,2026-06-29 16:13:03,190
18428341745,KK,53010003247142202606291921570396,2026-06-29 16:12:53,190
18428341745,KK,53010003145189202606294133593738,2026-06-29 16:12:43,190
18428341745,KK,53010003153192202606290675383273,2026-06-29 16:12:33,190
18428341745,KK,53010003270082202606291946758529,2026-06-29 16:12:23,190
18428341745,KK,53010003250118202606290300197190,2026-06-29 16:12:13,190
18428341745,KK,53010003295021202606291161206767,2026-06-29 16:12:03,190
18428341745,KK,53010003251165202606290200521443,2026-06-29 16:11:52,190
18428341745,KK,53010003156017202606292896014649,2026-06-29 16:11:42,190
18428341745,KK,53010003275110202606290455136171,2026-06-29 16:11:32,190
18428341745,KK,53010003254038202606291392028278,2026-06-29 16:11:22,190
18428341745,KK,53010003254111202606292973146865,2026-06-29 16:11:12,190
18428341745,KK,53010003151130202606291893513573,2026-06-29 16:11:01,190
18428341745,KK,53010003280052202606293325133438,2026-06-29 16:10:46,190
18428341745,KK,53010003253051202606293709070928,2026-06-29 16:10:36,190
18428341745,KK,53010003148217202606290063658993,2026-06-29 16:10:25,190
18428341745,KK,53010003162206202606290899325347,2026-06-29 16:10:15,190
18428341745,KK,53010003155024202606292502702256,2026-06-29 16:10:06,190
18428341745,KK,53010003149193202606292196473713,2026-06-29 16:09:57,190
18428341745,KK,53010003282078202606291699878914,2026-06-29 16:09:47,190
18428341745,KK,53010003276113202606292625403302,2026-06-29 16:09:25,190
18428341745,KK,53010003161098202606292661281269,2026-06-29 16:09:15,190
18428341745,KK,53010003266072202606290257942903,2026-06-29 16:09:05,190
18428341745,KK,53010003282023202606290137022178,2026-06-29 16:08:55,190
18428341745,KK,53010003249141202606293659969155,2026-06-29 16:08:46,190
18428341745,KK,53010003150073202606293581685461,2026-06-29 16:08:35,190
18428341745,KK,53010003265251202606290262549501,2026-06-29 16:08:25,190
18428341745,KK,53010003266240202606292062478496,2026-06-29 16:08:09,190
18428341745,KK,53010003266130202606293184872186,2026-06-29 16:08:00,190
18428341745,KK,53010003156029202606293935097747,2026-06-29 16:07:48,190
18428341745,KK,53010003155002202606292419168182,2026-06-29 16:07:38,190
18428341745,KK,53010003287035202606292044470301,2026-06-29 16:07:27,190
18428341745,KK,53010003262047202606291946383912,2026-06-29 16:07:18,190
18428341745,KK,53010003272077202606291264893000,2026-06-29 16:07:08,190
18428341745,KK,53010003285197202606291632429112,2026-06-29 16:06:53,190
18428341745,KK,53010003282144202606290962509880,2026-06-29 16:06:43,190
18428341745,KK,53010003253173202606291394855761,2026-06-29 16:06:34,190
18428341745,KK,53010003161140202606290452260031,2026-06-29 16:06:25,190
18428341745,KK,53010003278108202606290016388056,2026-06-29 16:06:15,190
18428341745,KK,53010003154220202606291912979631,2026-06-29 16:06:05,190
18428341745,KK,53010003163019202606290623798372,2026-06-29 16:05:55,190
18428341745,KK,53010003249203202606290542667249,2026-06-29 16:04:57,190
18428341745,KK,53010003270065202606291572033644,2026-06-29 16:04:46,190
18428341745,KK,53010003165160202606290178428499,2026-06-29 16:04:36,190
18428341745,KK,53010003287035202606293653765643,2026-06-29 16:04:26,190
18428341745,KK,53010003275078202606293566877532,2026-06-29 16:04:14,190
18428341745,KK,53010003163141202606293058374235,2026-06-29 16:04:05,190
18428341745,KK,53010003247059202606291603089336,2026-06-29 16:03:55,190
18428341745,KK,53010003272012202606290137162540,2026-06-29 16:03:45,190
18428341745,KK,53010003274228202606294259225011,2026-06-29 16:03:31,190
18428341745,KK,53010003150253202606294276177985,2026-06-29 16:03:21,190
18428341745,KK,53010003256007202606291178261054,2026-06-29 16:03:10,190
18428341745,KK,53010003150086202606292817497088,2026-06-29 16:02:58,190
18428341745,KK,53010003150163202606290906867345,2026-06-29 16:02:48,190
18428341745,KK,53010003262010202606290664904950,2026-06-29 16:02:38,190
18428341745,KK,53010003274206202606293328179654,2026-06-29 16:02:28,190
18428341745,KK,53010003279223202606290433196161,2026-06-29 16:02:18,190
18428341745,KK,53010003247006202606291869721971,2026-06-29 16:02:08,190
18428341745,KK,53010003167046202606292044534585,2026-06-29 16:01:58,190
18428341745,KK,53010003155222202606293214583527,2026-06-29 16:01:48,190
18428341745,KK,53010003283179202606292426620425,2026-06-29 16:01:38,190
18428341745,KK,53010003275104202606291147831507,2026-06-29 16:01:24,190
18428341745,KK,53010003267125202606291131277446,2026-06-29 16:01:13,190
18428341745,KK,53010003251192202606290933286963,2026-06-29 16:01:01,190
18428341745,KK,53010003249172202606290057305220,2026-06-29 16:00:14,190
18428341745,KK,53010003145016202606291109155408,2026-06-29 16:00:02,190
18428341745,KK,53010003157116202606292776194880,2026-06-29 15:59:50,190
18428341745,KK,53010003279069202606292346066896,2026-06-29 15:59:38,190
18428341745,KK,53010003148242202606293881337035,2026-06-29 15:59:26,190
18428341745,KK,53010003253211202606292307629930,2026-06-29 15:59:14,190
18428341745,KK,53010003158193202606293242758790,2026-06-29 15:59:04,180
18428341745,KK,53010003263011202606293868792043,2026-06-29 15:58:51,180
18428341745,KK,53010003149105202606291522923483,2026-06-29 15:58:39,180
18428341745,KK,53010003261104202606291821494577,2026-06-29 15:58:26,180
18428341745,KK,53010003282161202606293517093759,2026-06-29 15:58:14,180
18428341745,KK,53010003268105202606293361673274,2026-06-29 15:58:02,180
18428341745,KK,53010003290086202606291153902679,2026-06-29 15:57:50,180
18428341745,KK,53010003166000202606291764940034,2026-06-29 15:57:38,180
18428341745,KK,53010003271204202606290181552837,2026-06-29 15:57:25,180
18428341745,KK,53010003282035202606290590911578,2026-06-29 15:57:15,150
18428341745,KK,53010003284072202606291964060749,2026-06-29 15:56:57,150
18428341745,KK,53010003273107202606293076874598,2026-06-29 15:56:47,150
18428341745,KK,53010003144104202606294024076281,2026-06-29 15:56:37,150
18428341745,KK,53010003282126202606290211371154,2026-06-29 15:56:27,150
18428341745,KK,53010003280188202606292664243214,2026-06-29 15:56:17,150
18428341745,KK,53010003287162202606290064803261,2026-06-29 15:56:07,150
18428341745,KK,53010003165248202606293511058812,2026-06-29 15:55:57,150
18428341745,KK,53010003268115202606292201325098,2026-06-29 15:55:47,150
18428341745,KK,53010003256037202606291433061585,2026-06-29 15:55:37,150
18428341745,KK,53010003294048202606291918943726,2026-06-29 15:55:27,150
18428341745,KK,53010003151169202606292554837411,2026-06-29 15:55:16,150
18428341745,KK,53010003156164202606293673134992,2026-06-29 15:55:04,150
18428341745,KK,53010003285227202606291087429253,2026-06-29 15:54:52,150
18428341745,KK,53010003166222202606290873937400,2026-06-29 15:54:41,150
18428341745,KK,53010003251079202606292549047594,2026-06-29 15:54:28,150
18428341745,KK,530100032552202606291979520460,2026-06-29 15:54:06,150
18428341745,KK,53010003161222202606290281335611,2026-06-29 15:53:54,150
18428341745,KK,53010003264194202606293887561808,2026-06-29 15:53:42,150
18428341745,KK,53010003289248202606294260685503,2026-06-29 15:53:26,150
18428341745,KK,53010003269124202606290952899173,2026-06-29 15:52:57,130
18428341745,KK,53010003292095202606290921921229,2026-06-29 15:52:41,110
18428341745,KK,53010003145236202606290610210157,2026-06-29 15:52:26,110
18428341745,活着viva,53010003289235202606293017409265,2026-06-29 15:50:51,110
18428341745,KK,53010003268015202606290668138377,2026-06-29 15:49:21,170
18428341745,KK,53010003249208202606293754387681,2026-06-29 15:49:10,160
18428341745,KK,53010003144073202606291398143441,2026-06-29 15:48:59,150
18428341745,KK,53010003278035202606293749686037,2026-06-29 15:48:47,140
18428341745,KK,53010003144117202606292870825663,2026-06-29 15:48:35,130
18428341745,KK,53010003288144202606293676122414,2026-06-29 15:48:19,120
18428341745,KK,53010003289039202606294083434878,2026-06-29 15:48:05,110
18428341745,稳住阵脚,53010003271109202606290197839852,2026-06-29 15:39:09,160
18428341745,稳住阵脚,53010003150059202606292040194179,2026-06-29 15:38:56,150
18428341745,稳住阵脚,53010003256068202606293579640115,2026-06-29 15:38:43,150
18428341745,稳住阵脚,53010003161138202606291744255426,2026-06-29 15:38:15,150
18428341745,稳住阵脚,53010003294210202606291623307683,2026-06-29 15:36:55,120
18428341745,稳住阵脚,53010003144252202606290919882980,2026-06-29 15:35:51,110
,,,合计,27455.79
